{
  "model": "yolov8s.pt",
  "epochs": 11,
  "mAP50": 0.420963935011387,
  "mAP50-95": 0.26172000471009704,
  "precision": 0.5952984709312392,
  "recall": 0.4057911014695889,
  "training_time_min": 47.5
}