{
  "0": 0.3740612864494324,
  "1": 0.5682048201560974,
  "2": 0.20521144568920135,
  "3": 0.17071771621704102,
  "4": 0.30339735746383667,
  "5": 0.15759165585041046,
  "6": 0.10556692630052567,
  "7": 0.6039316654205322,
  "8": 6.601943016052246,
  "9": 0.30731654167175293,
  "10": 0.40140995383262634,
  "11": 2.2006475925445557
}